date,daily_revenue,daily_quantity,transaction_count,avg_order_value
2011-08-24,48789.72,29360.0,76.0,641.97
2011-08-25,23773.43,13316.0,74.0,321.26256756756754
2011-08-26,25610.29,17125.0,47.0,544.8997872340426
2011-08-28,10686.56,6701.0,37.0,288.82594594594593
2011-08-30,31837.77,10236.0,41.0,776.5309756097561
2011-08-31,25367.22,12449.0,47.0,539.728085106383
2011-09-01,37358.62,27850.0,76.0,491.5607894736842
2011-09-02,42226.28,18433.0,74.0,570.6254054054054
2011-09-04,17040.74,10920.0,50.0,340.81480000000005
2011-09-05,36898.35,22742.0,68.0,542.622794117647
2011-09-06,28321.06,15070.0,64.0,442.5165625
2011-09-07,34413.53,16390.0,52.0,661.7986538461538
2011-09-08,27055.88,17404.0,76.0,355.9984210526316
2011-09-09,30016.33,17358.0,62.0,484.1343548387097
2011-09-11,35206.92,20906.0,75.0,469.4256
2011-09-12,29526.29,16824.0,68.0,434.21014705882357
2011-09-13,55071.3,36519.0,67.0,821.9597014925373
2011-09-14,23578.78,14186.0,68.0,346.74676470588236
2011-09-15,78151.97,29281.0,83.0,941.59
2011-09-16,27720.27,15051.0,50.0,554.4054
2011-09-18,15639.55,8937.0,27.0,579.2425925925926
2011-09-19,49250.87,29248.0,71.0,693.6742253521127
2011-09-20,109553.9,43683.0,70.0,1565.0557142857142
2011-09-21,48529.72,22312.0,75.0,647.0629333333334
2011-09-22,59220.41,33144.0,112.0,528.7536607142857
2011-09-23,40574.4,21872.0,64.0,633.975
2011-09-25,31164.781,19424.0,75.0,415.53041333333334
2011-09-26,29270.841,15249.0,66.0,443.4975909090909
2011-09-27,36260.91,21231.0,80.0,453.26137500000004
2011-09-28,43693.08,25530.0,85.0,514.0362352941177
2011-09-29,46343.35,27456.0,105.0,441.36523809523806
2011-09-30,44347.06,22553.0,74.0,599.2845945945945
2011-10-02,11531.56,8332.0,35.0,329.4731428571428
2011-10-03,66243.94,25942.0,68.0,974.1755882352942
2011-10-04,48652.54,25284.0,81.0,600.6486419753087
2011-10-05,75460.77,46222.0,96.0,786.0496875
2011-10-06,62761.92,35367.0,122.0,514.4419672131147
2011-10-07,53692.5,30914.0,88.0,610.1420454545455
2011-10-09,12273.1,7285.0,39.0,314.6948717948718
2011-10-10,48121.66,26121.0,100.0,481.2166
2011-10-11,52537.31,28477.0,82.0,640.6989024390243
2011-10-12,32083.11,17639.0,88.0,364.58079545454547
2011-10-13,37232.47,18681.0,77.0,483.53857142857146
2011-10-14,36294.58,18134.0,74.0,490.4672972972973
2011-10-16,21767.94,8649.0,35.0,621.9411428571428
2011-10-17,51925.61,31319.0,89.0,583.433820224719
2011-10-18,45277.92,29285.0,84.0,539.0228571428571
2011-10-19,42467.72,19178.0,85.0,499.62023529411766
2011-10-20,60969.14,40855.0,89.0,685.0465168539325
2011-10-21,63173.39,24779.0,64.0,987.08421875
2011-10-23,12156.57,6953.0,42.0,289.44214285714287
2011-10-24,48335.52,25922.0,78.0,619.6861538461538
2011-10-25,41192.55,26818.0,77.0,534.9681818181818
2011-10-26,37729.47,20617.0,95.0,397.1523157894737
2011-10-27,57201.78,32761.0,106.0,539.6394339622641
2011-10-28,40455.26,23998.0,78.0,518.6571794871795
2011-10-30,34397.95,19943.0,96.0,358.3119791666666
2011-10-31,57327.45,21554.0,72.0,796.2145833333333
2011-11-01,29091.9,16546.0,77.0,377.81688311688316
2011-11-02,45690.08,28488.0,85.0,537.5303529411765
2011-11-03,63425.47,34314.0,103.0,615.7812621359224
2011-11-04,62594.590000000004,35144.0,94.0,665.8998936170213
2011-11-06,42513.590000000004,23089.0,102.0,416.7999019607843
2011-11-07,85705.3,31299.0,93.0,921.5623655913979
2011-11-08,57557.03,26366.0,108.0,532.9354629629629
2011-11-09,65879.97,38139.0,119.0,553.613193277311
2011-11-10,70868.0,38079.0,129.0,549.3643410852713
2011-11-11,55107.87,28967.0,105.0,524.8368571428572
2011-11-13,33878.15,20686.0,87.0,389.40402298850574
2011-11-14,114237.40000000001,47236.0,107.0,1067.6392523364486
2011-11-15,60613.8,30318.0,108.0,561.2388888888889
2011-11-16,65672.53,32955.0,130.0,505.1733076923077
2011-11-17,60901.32,31596.0,137.0,444.5351824817518
2011-11-18,51130.39,23921.0,108.0,473.42953703703705
2011-11-20,34509.21,19107.0,100.0,345.0921
2011-11-21,49674.6,25705.0,100.0,496.746
2011-11-22,63863.48,35367.0,135.0,473.06281481481483
2011-11-23,79847.0,39295.0,131.0,609.5190839694657
2011-11-24,50759.21,26396.0,113.0,449.19654867256634
2011-11-25,50690.4,18923.0,83.0,610.7277108433735
2011-11-27,20279.37,10942.0,57.0,355.7784210526316
2011-11-28,56965.73,29334.0,115.0,495.3541739130435
2011-11-29,72384.82,30809.0,135.0,536.183851851852
2011-11-30,60025.57,28356.0,108.0,555.7923148148149
2011-12-01,52068.63,27004.0,121.0,430.3192561983471
2011-12-02,57476.48,28690.0,120.0,478.9706666666667
2011-12-04,24477.47,12296.0,66.0,370.8707575757576
2011-12-05,88620.84,44497.0,127.0,697.8018897637795
2011-12-06,56558.83,30377.0,115.0,491.8159130434783
2011-12-07,75315.55,41789.0,106.0,710.5240566037736
2011-12-08,82371.55,35010.0,120.0,686.4295833333333
2011-12-09,200918.97999999998,93950.0,44.0,4566.340454545454
